{
	"emotion":{
		"positiveDep": [0.004314761],
		"positiveNonDep":[0.006511336],
		"negativeDep":[0.006082987],
		"negativeNonDep":[0.009021259]
	},
	"monthly":{
		"2012Dep":[35,35,73,35,46,234,220,180,114,84,58,69],
		"2013Dep":[87,48,64,67,68,56,183,50,14,37,120,233],
		"2014Dep":[147,103,60,136,46,139,190,96,176,362,179,225]
	},
	"number":{
		"commentDep":[59.03458],
		"commentNonDep":[66.21612],
		"postDep":[7.57437],
		"postNonDep":[8.217598]
	},
	"period":{
		"Dep":[0.1417024, 0.2850951, 0.5435614,0.6352411 ],
		"NonDep":[0.1968764, 0.4965684, 0.6591091,0.4914936 ]   
	},
	"terms":{
		"Dep":[0.001632258, 0.007052933,0.002280089,0.004113084,0.001976914,0.01157656],
		"NonDep":[0.001249354,0.003594543,0.001462565,0.001472841,0.001362954,0.00597077]
	},
	"violence":{
		"Dep":[0.0008989388,0.001299336,0.001253982,0.001043736],
		"NonDep":[0.000625395,0.0006300037,0.0006606971,0.000901398]
	}
}