{
	"emotion":{
		"positiveDep": [0.006994433],
		"positiveNonDep":[0.009162272],
		"negativeDep":[0.004613292],
		"negativeNonDep":[0.006430142]
	},
	"monthly":{
		"2012Dep":[7,10,4,57,43,65,41,109,90,156,78,43],
		"2013Dep":[106,65,186,87,52,135,65,168,60,20,35,185],
		"2014Dep":[241,110,53,34,72,142,105,108,82,303,374,499]
	},
	"number":{
		"commentDep":[55.05036],
		"commentNonDep":[57.68574],
		"postDep":[6.787299],
		"postNonDep":[8.172468]
	},
	"period":{
		"Dep":[0.1417024, 0.2850951, 0.5435614, 0.6653388 ],
		"NonDep":[0.2222361, 0.5365181, 0.68020556, 0.5048189 ]   
	},
	"terms":{
		"Dep":[0.01254125, 0.002204254, 0.004418803, 0.002245619, 0.005809042, 0.001914316],
		"NonDep":[0.00598056, 0.00144333, 0.001497666, 0.001485608, 0.003816675, 0.001318924]
	},
	"violence":{
		"Dep":[0.0006062477,0.0006104822,0.0008427912,0.0008823441],
		"NonDep":[0.0009586365,0.00143187,0.001423433,0.001084419]
	}
}